,bn_pt,m,n,method_1,method_2,ratio
0,11,1,1,bnw,apm,0.7363094523780951
1,11,1,1,apm,itv,0.748389935597424
2,11,1,1,itv,bnw,0.6202648105924237
3,11,1,2,bnw,apm,0.5483419336773471
4,11,1,2,apm,itv,0.7219088763550542
5,11,1,2,itv,bnw,0.4558982359294372
6,11,1,3,bnw,apm,0.6432257290291612
7,11,1,3,apm,itv,0.6257850314012561
8,11,1,3,itv,bnw,0.5971038841553662
9,11,1,4,bnw,apm,0.2860114404576183
10,11,1,4,apm,itv,0.5402616104644186
11,11,1,4,itv,bnw,0.3041721668866755
12,11,1,5,bnw,apm,0.4468978759150366
13,11,1,5,apm,itv,0.672506900276011
14,11,1,5,itv,bnw,0.2998119924796992
15,11,2,1,bnw,apm,0.5483419336773471
16,11,2,1,apm,itv,0.7219088763550542
17,11,2,1,itv,bnw,0.4558982359294372
18,11,2,2,bnw,apm,0.6738669546781871
19,11,2,2,apm,itv,0.7139485579423177
20,11,2,2,itv,bnw,0.5408616344653786
21,11,2,3,bnw,apm,0.23344933797351894
22,11,2,3,apm,itv,0.624904996199848
23,11,2,3,itv,bnw,0.25693027721108846
24,11,2,4,bnw,apm,0.7556302252090084
25,11,2,4,apm,itv,0.5080203208128325
26,11,2,4,itv,bnw,0.44577783111324454
27,11,2,5,bnw,apm,0.3556142245689828
28,11,2,5,apm,itv,0.5361414456578263
29,11,2,5,itv,bnw,0.30141205648225927
30,11,3,1,bnw,apm,0.6432257290291612
31,11,3,1,apm,itv,0.6257850314012561
32,11,3,1,itv,bnw,0.5971038841553662
33,11,3,2,bnw,apm,0.23344933797351894
34,11,3,2,apm,itv,0.624904996199848
35,11,3,2,itv,bnw,0.25693027721108846
36,11,3,3,bnw,apm,0.796311852474099
37,11,3,3,apm,itv,0.6708268330733229
38,11,3,3,itv,bnw,0.5488619544781791
39,11,3,4,bnw,apm,0.6700668026721068
40,11,3,4,apm,itv,0.578503140125605
41,11,3,4,itv,bnw,0.4296971878875155
42,11,3,5,bnw,apm,0.3889355574222969
43,11,3,5,apm,itv,0.5079803192127685
44,11,3,5,itv,bnw,0.41477659106364256
45,11,4,1,bnw,apm,0.2860114404576183
46,11,4,1,apm,itv,0.5402616104644186
47,11,4,1,itv,bnw,0.3041721668866755
48,11,4,2,bnw,apm,0.7556302252090084
49,11,4,2,apm,itv,0.5080203208128325
50,11,4,2,itv,bnw,0.44577783111324454
51,11,4,3,bnw,apm,0.6700668026721068
52,11,4,3,apm,itv,0.578503140125605
53,11,4,3,itv,bnw,0.4296971878875155
54,11,4,4,bnw,apm,0.45097803912156487
55,11,4,4,apm,itv,0.6539061562462498
56,11,4,4,itv,bnw,0.3225729029161166
57,11,4,5,bnw,apm,0.32001280051202047
58,11,4,5,apm,itv,0.65530621224849
59,11,4,5,itv,bnw,0.20584823392935717
60,11,5,1,bnw,apm,0.4468978759150366
61,11,5,1,apm,itv,0.672506900276011
62,11,5,1,itv,bnw,0.2998119924796992
63,11,5,2,bnw,apm,0.3556142245689828
64,11,5,2,apm,itv,0.5361414456578263
65,11,5,2,itv,bnw,0.30141205648225927
66,11,5,3,bnw,apm,0.3889355574222969
67,11,5,3,apm,itv,0.5079803192127685
68,11,5,3,itv,bnw,0.41477659106364256
69,11,5,4,bnw,apm,0.32001280051202047
70,11,5,4,apm,itv,0.65530621224849
71,11,5,4,itv,bnw,0.20584823392935717
72,11,5,5,bnw,apm,0.5231009240369615
73,11,5,5,apm,itv,0.6769070762830514
74,11,5,5,itv,bnw,0.35857434297371893
75,12,1,1,bnw,apm,0.9799191967678708
76,12,1,1,apm,itv,0.9255570222808912
77,12,1,1,itv,bnw,0.905476219048762
78,12,1,2,bnw,apm,0.5255810232409296
79,12,1,2,apm,itv,0.6775071002840114
80,12,1,2,itv,bnw,0.484859394375775
81,12,1,3,bnw,apm,0.4990199607984319
82,12,1,3,apm,itv,0.7803512140485619
83,12,1,3,itv,bnw,0.359094363774551
84,12,1,4,bnw,apm,0.5905036201448058
85,12,1,4,apm,itv,0.4188967558702348
86,12,1,4,itv,bnw,0.4446577863114525
87,12,1,5,bnw,apm,0.33517340693627745
88,12,1,5,apm,itv,0.8097923916956679
89,12,1,5,itv,bnw,0.38681547261890475
90,12,2,1,bnw,apm,0.5255810232409296
91,12,2,1,apm,itv,0.6775071002840114
92,12,2,1,itv,bnw,0.484859394375775
93,12,2,2,bnw,apm,0.9113564542581704
94,12,2,2,apm,itv,0.9416376655066203
95,12,2,2,itv,bnw,0.8544741789671587
96,12,2,3,bnw,apm,0.5497819912796512
97,12,2,3,apm,itv,0.6909476379055162
98,12,2,3,itv,bnw,0.42589703588143524
99,12,2,4,bnw,apm,0.1309252370094804
100,12,2,4,apm,itv,0.8294731789271571
101,12,2,4,itv,bnw,0.14492579703188127
102,12,2,5,bnw,apm,0.5591823672946918
103,12,2,5,apm,itv,0.3874954998199928
104,12,2,5,itv,bnw,0.5100204008160326
105,12,3,1,bnw,apm,0.4990199607984319
106,12,3,1,apm,itv,0.7803512140485619
107,12,3,1,itv,bnw,0.359094363774551
108,12,3,2,bnw,apm,0.5497819912796512
109,12,3,2,apm,itv,0.6909476379055162
110,12,3,2,itv,bnw,0.42589703588143524
111,12,3,3,bnw,apm,0.9700388015520621
112,12,3,3,apm,itv,0.937477499099964
113,12,3,3,itv,bnw,0.9253970158806353
114,12,3,4,bnw,apm,0.3736949477979119
115,12,3,4,apm,itv,0.6479459178367135
116,12,3,4,itv,bnw,0.3374934997399896
117,12,3,5,bnw,apm,0.4172966918676747
118,12,3,5,apm,itv,0.81191247649906
119,12,3,5,itv,bnw,0.4432577303092124
120,12,4,1,bnw,apm,0.5905036201448058
121,12,4,1,apm,itv,0.4188967558702348
122,12,4,1,itv,bnw,0.4446577863114525
123,12,4,2,bnw,apm,0.1309252370094804
124,12,4,2,apm,itv,0.8294731789271571
125,12,4,2,itv,bnw,0.14492579703188127
126,12,4,3,bnw,apm,0.3736949477979119
127,12,4,3,apm,itv,0.6479459178367135
128,12,4,3,itv,bnw,0.3374934997399896
129,12,4,4,bnw,apm,0.7795911836473459
130,12,4,4,apm,itv,0.8985559422376895
131,12,4,4,itv,bnw,0.6846673866954678
132,12,4,5,bnw,apm,0.38557542301692066
133,12,4,5,apm,itv,0.7622304892195688
134,12,4,5,itv,bnw,0.29749189967598705
135,12,5,1,bnw,apm,0.33517340693627745
136,12,5,1,apm,itv,0.8097923916956679
137,12,5,1,itv,bnw,0.38681547261890475
138,12,5,2,bnw,apm,0.5591823672946918
139,12,5,2,apm,itv,0.3874954998199928
140,12,5,2,itv,bnw,0.5100204008160326
141,12,5,3,bnw,apm,0.4172966918676747
142,12,5,3,apm,itv,0.81191247649906
143,12,5,3,itv,bnw,0.4432577303092124
144,12,5,4,bnw,apm,0.38557542301692066
145,12,5,4,apm,itv,0.7622304892195688
146,12,5,4,itv,bnw,0.29749189967598705
147,12,5,5,bnw,apm,0.8419136765470618
148,12,5,5,apm,itv,0.8497939917596704
149,12,5,5,itv,bnw,0.780271210848434
150,13,1,1,bnw,apm,0.9601984079363175
151,13,1,1,apm,itv,0.9814792591703668
152,13,1,1,itv,bnw,0.9427177087083484
153,13,1,2,bnw,apm,0.5082203288131525
154,13,1,2,apm,itv,0.719028761150446
155,13,1,2,itv,bnw,0.33493339733589345
156,13,1,3,bnw,apm,0.24804992199687986
157,13,1,3,apm,itv,0.718028721148846
158,13,1,3,itv,bnw,0.38385535421416855
159,13,1,4,bnw,apm,0.7388295531821273
160,13,1,4,apm,itv,0.9387575503020121
161,13,1,4,itv,bnw,0.6879475179007161
162,13,1,5,bnw,apm,0.5959438377535101
163,13,1,5,apm,itv,0.9479179167166687
164,13,1,5,itv,bnw,0.5761430457218288
165,13,2,1,bnw,apm,0.5082203288131525
166,13,2,1,apm,itv,0.719028761150446
167,13,2,1,itv,bnw,0.33493339733589345
168,13,2,2,bnw,apm,0.9007160286411456
169,13,2,2,apm,itv,0.9823592943717748
170,13,2,2,itv,bnw,0.8831953278131125
171,13,2,3,bnw,apm,0.780671226849074
172,13,2,3,apm,itv,0.6795071802872115
173,13,2,3,itv,bnw,0.5092203688147526
174,13,2,4,bnw,apm,0.4979799191967679
175,13,2,4,apm,itv,0.6804272170886836
176,13,2,4,itv,bnw,0.43965758630345214
177,13,2,5,bnw,apm,0.3005320212808512
178,13,2,5,apm,itv,0.9705188207528301
179,13,2,5,itv,bnw,0.2927317092683707
180,13,3,1,bnw,apm,0.24804992199687986
181,13,3,1,apm,itv,0.718028721148846
182,13,3,1,itv,bnw,0.38385535421416855
183,13,3,2,bnw,apm,0.780671226849074
184,13,3,2,apm,itv,0.6795071802872115
185,13,3,2,itv,bnw,0.5092203688147526
186,13,3,3,bnw,apm,0.8941157646305852
187,13,3,3,apm,itv,0.9619984799391975
188,13,3,3,itv,bnw,0.8621944877795111
189,13,3,4,bnw,apm,0.3404536181447258
190,13,3,4,apm,itv,0.6659466378655147
191,13,3,4,itv,bnw,0.3034521380855234
192,13,3,5,bnw,apm,0.5407816312652506
193,13,3,5,apm,itv,0.7152686107444298
194,13,3,5,itv,bnw,0.3690547621904876
195,13,4,1,bnw,apm,0.7388295531821273
196,13,4,1,apm,itv,0.9387575503020121
197,13,4,1,itv,bnw,0.6879475179007161
198,13,4,2,bnw,apm,0.4979799191967679
199,13,4,2,apm,itv,0.6804272170886836
200,13,4,2,itv,bnw,0.43965758630345214
201,13,4,3,bnw,apm,0.3404536181447258
202,13,4,3,apm,itv,0.6659466378655147
203,13,4,3,itv,bnw,0.3034521380855234
204,13,4,4,bnw,apm,0.9007560302412096
205,13,4,4,apm,itv,0.9809992399695988
206,13,4,4,itv,bnw,0.8848353934157366
207,13,4,5,bnw,apm,0.4669386775471019
208,13,4,5,apm,itv,0.6772270890835633
209,13,4,5,itv,bnw,0.39657586303452136
210,13,5,1,bnw,apm,0.5959438377535101
211,13,5,1,apm,itv,0.9479179167166687
212,13,5,1,itv,bnw,0.5761430457218288
213,13,5,2,bnw,apm,0.3005320212808512
214,13,5,2,apm,itv,0.9705188207528301
215,13,5,2,itv,bnw,0.2927317092683707
216,13,5,3,bnw,apm,0.5407816312652506
217,13,5,3,apm,itv,0.7152686107444298
218,13,5,3,itv,bnw,0.3690547621904876
219,13,5,4,bnw,apm,0.4669386775471019
220,13,5,4,apm,itv,0.6772270890835633
221,13,5,4,itv,bnw,0.39657586303452136
222,13,5,5,bnw,apm,0.8807152286091444
223,13,5,5,apm,itv,0.9558382335293412
224,13,5,5,itv,bnw,0.8695147805912237
225,14,1,1,bnw,apm,0.9706788271530862
226,14,1,1,apm,itv,0.984399375975039
227,14,1,1,itv,bnw,0.9611184447377895
228,14,1,2,bnw,apm,0.780871234849394
229,14,1,2,apm,itv,0.6490259610384416
230,14,1,2,itv,bnw,0.5983839353574143
231,14,1,3,bnw,apm,0.4606184247369895
232,14,1,3,apm,itv,0.5497419896795872
233,14,1,3,itv,bnw,0.5483019320772831
234,14,1,4,bnw,apm,0.5551822072882915
235,14,1,4,apm,itv,0.9772790911636465
236,14,1,4,itv,bnw,0.5358214328573143
237,14,1,5,bnw,apm,0.3392535701428057
238,14,1,5,apm,itv,0.6596263850554022
239,14,1,5,itv,bnw,0.26365054602184085
240,14,2,1,bnw,apm,0.780871234849394
241,14,2,1,apm,itv,0.6490259610384416
242,14,2,1,itv,bnw,0.5983839353574143
243,14,2,2,bnw,apm,0.9762390495619825
244,14,2,2,apm,itv,0.9857594303772151
245,14,2,2,itv,bnw,0.9625585023400937
246,14,2,3,bnw,apm,0.4950598023920957
247,14,2,3,apm,itv,0.6214248569942797
248,14,2,3,itv,bnw,0.40693627745109806
249,14,2,4,bnw,apm,0.7681507260290411
250,14,2,4,apm,itv,0.8365534621384856
251,14,2,4,itv,bnw,0.7546701868074723
252,14,2,5,bnw,apm,0.6441457658306332
253,14,2,5,apm,itv,0.6702268090723629
254,14,2,5,itv,bnw,0.48817952718108726
255,14,3,1,bnw,apm,0.4606184247369895
256,14,3,1,apm,itv,0.5497419896795872
257,14,3,1,itv,bnw,0.5483019320772831
258,14,3,2,bnw,apm,0.4950598023920957
259,14,3,2,apm,itv,0.6214248569942797
260,14,3,2,itv,bnw,0.40693627745109806
261,14,3,3,bnw,apm,0.969238769550782
262,14,3,3,apm,itv,0.9815592623704948
263,14,3,3,itv,bnw,0.9518780751230049
264,14,3,4,bnw,apm,0.5294211768470739
265,14,3,4,apm,itv,0.6052642105684227
266,14,3,4,itv,bnw,0.4824192967718709
267,14,3,5,bnw,apm,0.4609384375375015
268,14,3,5,apm,itv,0.9249169966798672
269,14,3,5,itv,bnw,0.4542581703268131
270,14,4,1,bnw,apm,0.5551822072882915
271,14,4,1,apm,itv,0.9772790911636465
272,14,4,1,itv,bnw,0.5358214328573143
273,14,4,2,bnw,apm,0.7681507260290411
274,14,4,2,apm,itv,0.8365534621384856
275,14,4,2,itv,bnw,0.7546701868074723
276,14,4,3,bnw,apm,0.5294211768470739
277,14,4,3,apm,itv,0.6052642105684227
278,14,4,3,itv,bnw,0.4824192967718709
279,14,4,4,bnw,apm,0.9611984479379175
280,14,4,4,apm,itv,0.9811992479699188
281,14,4,4,itv,bnw,0.9429577183087323
282,14,4,5,bnw,apm,0.5303412136485459
283,14,4,5,apm,itv,0.7380695227809112
284,14,4,5,itv,bnw,0.4138965558622345
285,14,5,1,bnw,apm,0.3392535701428057
286,14,5,1,apm,itv,0.6596263850554022
287,14,5,1,itv,bnw,0.26365054602184085
288,14,5,2,bnw,apm,0.6441457658306332
289,14,5,2,apm,itv,0.6702268090723629
290,14,5,2,itv,bnw,0.48817952718108726
291,14,5,3,bnw,apm,0.4609384375375015
292,14,5,3,apm,itv,0.9249169966798672
293,14,5,3,itv,bnw,0.4542581703268131
294,14,5,4,bnw,apm,0.5303412136485459
295,14,5,4,apm,itv,0.7380695227809112
296,14,5,4,itv,bnw,0.4138965558622345
297,14,5,5,bnw,apm,0.875795031801272
298,14,5,5,apm,itv,0.9855994239769591
299,14,5,5,itv,bnw,0.8626345053802152
300,15,1,1,bnw,apm,0.9877595103804152
301,15,1,1,apm,itv,0.9902396095843834
302,15,1,1,itv,bnw,0.9934797391895676
303,15,1,2,bnw,apm,0.6778671146845874
304,15,1,2,apm,itv,0.6267450698027921
305,15,1,2,itv,bnw,0.4394975799031961
306,15,1,3,bnw,apm,0.6469058762350494
307,15,1,3,apm,itv,0.7213488539541582
308,15,1,3,itv,bnw,0.5711428457138286
309,15,1,4,bnw,apm,0.8553942157686307
310,15,1,4,apm,itv,0.9789191567662706
311,15,1,4,itv,bnw,0.8456738269530781
312,15,1,5,bnw,apm,0.8096323852954118
313,15,1,5,apm,itv,0.9870394815792631
314,15,1,5,itv,bnw,0.812192487699508
315,15,2,1,bnw,apm,0.6778671146845874
316,15,2,1,apm,itv,0.6267450698027921
317,15,2,1,itv,bnw,0.4394975799031961
318,15,2,2,bnw,apm,0.985839433577343
319,15,2,2,apm,itv,0.9935197407896316
320,15,2,2,itv,bnw,0.9793591743669747
321,15,2,3,bnw,apm,0.6354254170166806
322,15,2,3,apm,itv,0.6797871914876595
323,15,2,3,itv,bnw,0.5763030521220849
324,15,2,4,bnw,apm,0.4314572582903316
325,15,2,4,apm,itv,0.7276691067642705
326,15,2,4,itv,bnw,0.4158566342653706
327,15,2,5,bnw,apm,0.5991039641585664
328,15,2,5,apm,itv,0.984759390375615
329,15,2,5,itv,bnw,0.5849033961358454
330,15,3,1,bnw,apm,0.6469058762350494
331,15,3,1,apm,itv,0.7213488539541582
332,15,3,1,itv,bnw,0.5711428457138286
333,15,3,2,bnw,apm,0.6354254170166806
334,15,3,2,apm,itv,0.6797871914876595
335,15,3,2,itv,bnw,0.5763030521220849
336,15,3,3,bnw,apm,0.9334373374934998
337,15,3,3,apm,itv,0.9788791551662066
338,15,3,3,itv,bnw,0.9168766750670027
339,15,3,4,bnw,apm,0.6281851274050962
340,15,3,4,apm,itv,0.6829073162926517
341,15,3,4,itv,bnw,0.3930557222288892
342,15,3,5,bnw,apm,0.5034201368054723
343,15,3,5,apm,itv,0.6684267370694827
344,15,3,5,itv,bnw,0.2576503060122405
345,15,4,1,bnw,apm,0.8553942157686307
346,15,4,1,apm,itv,0.9789191567662706
347,15,4,1,itv,bnw,0.8456738269530781
348,15,4,2,bnw,apm,0.4314572582903316
349,15,4,2,apm,itv,0.7276691067642705
350,15,4,2,itv,bnw,0.4158566342653706
351,15,4,3,bnw,apm,0.6281851274050962
352,15,4,3,apm,itv,0.6829073162926517
353,15,4,3,itv,bnw,0.3930557222288892
354,15,4,4,bnw,apm,0.9462378495139806
355,15,4,4,apm,itv,0.9874794991799672
356,15,4,4,itv,bnw,0.9338773550942038
357,15,4,5,bnw,apm,0.36897475899035964
358,15,4,5,apm,itv,0.7087883515340614
359,15,4,5,itv,bnw,0.4579783191327653
360,15,5,1,bnw,apm,0.8096323852954118
361,15,5,1,apm,itv,0.9870394815792631
362,15,5,1,itv,bnw,0.812192487699508
363,15,5,2,bnw,apm,0.5991039641585664
364,15,5,2,apm,itv,0.984759390375615
365,15,5,2,itv,bnw,0.5849033961358454
366,15,5,3,bnw,apm,0.5034201368054723
367,15,5,3,apm,itv,0.6684267370694827
368,15,5,3,itv,bnw,0.2576503060122405
369,15,5,4,bnw,apm,0.36897475899035964
370,15,5,4,apm,itv,0.7087883515340614
371,15,5,4,itv,bnw,0.4579783191327653
372,15,5,5,bnw,apm,0.8375935037401496
373,15,5,5,apm,itv,0.9938397535901436
374,15,5,5,itv,bnw,0.8314332573302932
375,16,1,1,bnw,apm,0.9208368334733389
376,16,1,1,apm,itv,0.9893995759830393
377,16,1,1,itv,bnw,0.9127165086603464
378,16,1,2,bnw,apm,0.6046641865674627
379,16,1,2,apm,itv,0.7073082923316932
380,16,1,2,itv,bnw,0.5087403496139845
381,16,1,3,bnw,apm,0.5057402296091844
382,16,1,3,apm,itv,0.8163126525061002
383,16,1,3,itv,bnw,0.46949877995119804
384,16,1,4,bnw,apm,0.5765030601224049
385,16,1,4,apm,itv,0.9961998479939198
386,16,1,4,itv,bnw,0.577503100124005
387,16,1,5,bnw,apm,0.5986639465578624
388,16,1,5,apm,itv,0.9961198447937918
389,16,1,5,itv,bnw,0.5991039641585664
390,16,2,1,bnw,apm,0.6046641865674627
391,16,2,1,apm,itv,0.7073082923316932
392,16,2,1,itv,bnw,0.5087403496139845
393,16,2,2,bnw,apm,0.9661586463458538
394,16,2,2,apm,itv,0.9881595263810552
395,16,2,2,itv,bnw,0.9551582063282531
396,16,2,3,bnw,apm,0.43225729029161164
397,16,2,3,apm,itv,0.7553902156086243
398,16,2,3,itv,bnw,0.4110964438577543
399,16,2,4,bnw,apm,0.5451418056722269
400,16,2,4,apm,itv,0.8370734829393176
401,16,2,4,itv,bnw,0.4235769430777231
402,16,2,5,bnw,apm,0.43453738149525983
403,16,2,5,apm,itv,0.9353574142965718
404,16,2,5,itv,bnw,0.375015000600024
405,16,3,1,bnw,apm,0.5057402296091844
406,16,3,1,apm,itv,0.8163126525061002
407,16,3,1,itv,bnw,0.46949877995119804
408,16,3,2,bnw,apm,0.43225729029161164
409,16,3,2,apm,itv,0.7553902156086243
410,16,3,2,itv,bnw,0.4110964438577543
411,16,3,3,bnw,apm,0.9607184287371495
412,16,3,3,apm,itv,0.9906396255850234
413,16,3,3,itv,bnw,0.9513580543221729
414,16,3,4,bnw,apm,0.5251810072402896
415,16,3,4,apm,itv,0.701908076323053
416,16,3,4,itv,bnw,0.46789871594863797
417,16,3,5,bnw,apm,0.5227009080363214
418,16,3,5,apm,itv,0.7222688907556303
419,16,3,5,itv,bnw,0.3812952518100724
420,16,4,1,bnw,apm,0.5765030601224049
421,16,4,1,apm,itv,0.9961998479939198
422,16,4,1,itv,bnw,0.577503100124005
423,16,4,2,bnw,apm,0.5451418056722269
424,16,4,2,apm,itv,0.8370734829393176
425,16,4,2,itv,bnw,0.4235769430777231
426,16,4,3,bnw,apm,0.5251810072402896
427,16,4,3,apm,itv,0.701908076323053
428,16,4,3,itv,bnw,0.46789871594863797
429,16,4,4,bnw,apm,0.9807992319692788
430,16,4,4,apm,itv,0.9735189407576303
431,16,4,4,itv,bnw,0.9561582463298532
432,16,4,5,bnw,apm,0.48953958158326333
433,16,4,5,apm,itv,0.7485499419976799
434,16,4,5,itv,bnw,0.4280171206848274
435,16,5,1,bnw,apm,0.5986639465578624
436,16,5,1,apm,itv,0.9961198447937918
437,16,5,1,itv,bnw,0.5991039641585664
438,16,5,2,bnw,apm,0.43453738149525983
439,16,5,2,apm,itv,0.9353574142965718
440,16,5,2,itv,bnw,0.375015000600024
441,16,5,3,bnw,apm,0.5227009080363214
442,16,5,3,apm,itv,0.7222688907556303
443,16,5,3,itv,bnw,0.3812952518100724
444,16,5,4,bnw,apm,0.48953958158326333
445,16,5,4,apm,itv,0.7485499419976799
446,16,5,4,itv,bnw,0.4280171206848274
447,16,5,5,bnw,apm,0.8971958878355134
448,16,5,5,apm,itv,0.9695187807512301
449,16,5,5,itv,bnw,0.8971958878355134
450,17,1,1,bnw,apm,0.9870394815792631
451,17,1,1,apm,itv,0.9911196447857914
452,17,1,1,itv,bnw,0.9809592383695348
453,17,1,2,bnw,apm,0.7457498299931997
454,17,1,2,apm,itv,0.8204728189127565
455,17,1,2,itv,bnw,0.6703868154726189
456,17,1,3,bnw,apm,0.7173486939477579
457,17,1,3,apm,itv,0.906076243049722
458,17,1,3,itv,bnw,0.6463058522340893
459,17,1,4,bnw,apm,0.4001760070402816
460,17,1,4,apm,itv,0.9887195487819512
461,17,1,4,itv,bnw,0.3936157446297852
462,17,1,5,bnw,apm,0.484779391175647
463,17,1,5,apm,itv,0.9527181087243489
464,17,1,5,itv,bnw,0.4420176807072283
465,17,2,1,bnw,apm,0.7457498299931997
466,17,2,1,apm,itv,0.8204728189127565
467,17,2,1,itv,bnw,0.6703868154726189
468,17,2,2,bnw,apm,0.9714388575543021
469,17,2,2,apm,itv,0.9891595663826553
470,17,2,2,itv,bnw,0.9635985439417577
471,17,2,3,bnw,apm,0.843553742149686
472,17,2,3,apm,itv,0.5101404056162246
473,17,2,3,itv,bnw,0.45853834153366135
474,17,2,4,bnw,apm,0.5060602424096964
475,17,2,4,apm,itv,0.671146845873835
476,17,2,4,itv,bnw,0.40445617824712987
477,17,2,5,bnw,apm,0.6124644985799432
478,17,2,5,apm,itv,0.9908396335853434
479,17,2,5,itv,bnw,0.6056242249689988
480,17,3,1,bnw,apm,0.7173486939477579
481,17,3,1,apm,itv,0.906076243049722
482,17,3,1,itv,bnw,0.6463058522340893
483,17,3,2,bnw,apm,0.843553742149686
484,17,3,2,apm,itv,0.5101404056162246
485,17,3,2,itv,bnw,0.45853834153366135
486,17,3,3,bnw,apm,0.9695187807512301
487,17,3,3,apm,itv,0.9894795791831673
488,17,3,3,itv,bnw,0.9590783631345254
489,17,3,4,bnw,apm,0.4607784311372455
490,17,3,4,apm,itv,0.7470698827953118
491,17,3,4,itv,bnw,0.45261810472418895
492,17,3,5,bnw,apm,0.3563742549701988
493,17,3,5,apm,itv,0.6629065162606504
494,17,3,5,itv,bnw,0.28037121484859395
495,17,4,1,bnw,apm,0.4001760070402816
496,17,4,1,apm,itv,0.9887195487819512
497,17,4,1,itv,bnw,0.3936157446297852
498,17,4,2,bnw,apm,0.5060602424096964
499,17,4,2,apm,itv,0.671146845873835
500,17,4,2,itv,bnw,0.40445617824712987
501,17,4,3,bnw,apm,0.4607784311372455
502,17,4,3,apm,itv,0.7470698827953118
503,17,4,3,itv,bnw,0.45261810472418895
504,17,4,4,bnw,apm,0.9560382415296612
505,17,4,4,apm,itv,0.9930797231889276
506,17,4,4,itv,bnw,0.9491179647185888
507,17,4,5,bnw,apm,0.5203008120324814
508,17,4,5,apm,itv,0.8411536461458459
509,17,4,5,itv,bnw,0.5271410856434258
510,17,5,1,bnw,apm,0.484779391175647
511,17,5,1,apm,itv,0.9527181087243489
512,17,5,1,itv,bnw,0.4420176807072283
513,17,5,2,bnw,apm,0.6124644985799432
514,17,5,2,apm,itv,0.9908396335853434
515,17,5,2,itv,bnw,0.6056242249689988
516,17,5,3,bnw,apm,0.3563742549701988
517,17,5,3,apm,itv,0.6629065162606504
518,17,5,3,itv,bnw,0.28037121484859395
519,17,5,4,bnw,apm,0.5203008120324814
520,17,5,4,apm,itv,0.8411536461458459
521,17,5,4,itv,bnw,0.5271410856434258
522,17,5,5,bnw,apm,0.8638345533821353
523,17,5,5,apm,itv,0.96971878875155
524,17,5,5,itv,bnw,0.859314372574903
525,18,1,1,bnw,apm,0.969758790351614
526,18,1,1,apm,itv,0.9942797711908476
527,18,1,1,itv,bnw,0.9660386415456619
528,18,1,2,bnw,apm,0.6086643465738629
529,18,1,2,apm,itv,0.7706708268330733
530,18,1,2,itv,bnw,0.4696587863514541
531,18,1,3,bnw,apm,0.6222248889955598
532,18,1,3,apm,itv,0.8871154846193848
533,18,1,3,itv,bnw,0.5722228889155566
534,18,1,4,bnw,apm,0.671186847473899
535,18,1,4,apm,itv,0.9955198207928317
536,18,1,4,itv,bnw,0.6732669306772271
537,18,1,5,bnw,apm,0.624664986599464
538,18,1,5,apm,itv,0.546221848873955
539,18,1,5,itv,bnw,0.4677387095483819
540,18,2,1,bnw,apm,0.6086643465738629
541,18,2,1,apm,itv,0.7706708268330733
542,18,2,1,itv,bnw,0.4696587863514541
543,18,2,2,bnw,apm,0.9880795231809273
544,18,2,2,apm,itv,0.9881995279811192
545,18,2,2,itv,bnw,0.9799591983679348
546,18,2,3,bnw,apm,0.4468978759150366
547,18,2,3,apm,itv,0.6736269450778031
548,18,2,3,itv,bnw,0.3924956998279931
549,18,2,4,bnw,apm,0.44481779271170846
550,18,2,4,apm,itv,0.5121004840193608
551,18,2,4,itv,bnw,0.5343013720548822
552,18,2,5,bnw,apm,0.3228129125165007
553,18,2,5,apm,itv,0.5327413096523861
554,18,2,5,itv,bnw,0.5483419336773471
555,18,3,1,bnw,apm,0.6222248889955598
556,18,3,1,apm,itv,0.8871154846193848
557,18,3,1,itv,bnw,0.5722228889155566
558,18,3,2,bnw,apm,0.4468978759150366
559,18,3,2,apm,itv,0.6736269450778031
560,18,3,2,itv,bnw,0.3924956998279931
561,18,3,3,bnw,apm,0.9745189807592304
562,18,3,3,apm,itv,0.9901996079843194
563,18,3,3,itv,bnw,0.969758790351614
564,18,3,4,bnw,apm,0.39589583583343335
565,18,3,4,apm,itv,0.6797071882875315
566,18,3,4,itv,bnw,0.3329333173326933
567,18,3,5,bnw,apm,0.8305932237289492
568,18,3,5,apm,itv,0.8221528861154446
569,18,3,5,itv,bnw,0.6794671786871475
570,18,4,1,bnw,apm,0.671186847473899
571,18,4,1,apm,itv,0.9955198207928317
572,18,4,1,itv,bnw,0.6732669306772271
573,18,4,2,bnw,apm,0.44481779271170846
574,18,4,2,apm,itv,0.5121004840193608
575,18,4,2,itv,bnw,0.5343013720548822
576,18,4,3,bnw,apm,0.39589583583343335
577,18,4,3,apm,itv,0.6797071882875315
578,18,4,3,itv,bnw,0.3329333173326933
579,18,4,4,bnw,apm,0.9505980239209568
580,18,4,4,apm,itv,0.9856794271770871
581,18,4,4,itv,bnw,0.9437177487099484
582,18,4,5,bnw,apm,0.6677467098683947
583,18,4,5,apm,itv,0.7839913596543862
584,18,4,5,itv,bnw,0.7239489579583184
585,18,5,1,bnw,apm,0.624664986599464
586,18,5,1,apm,itv,0.546221848873955
587,18,5,1,itv,bnw,0.4677387095483819
588,18,5,2,bnw,apm,0.3228129125165007
589,18,5,2,apm,itv,0.5327413096523861
590,18,5,2,itv,bnw,0.5483419336773471
591,18,5,3,bnw,apm,0.8305932237289492
592,18,5,3,apm,itv,0.8221528861154446
593,18,5,3,itv,bnw,0.6794671786871475
594,18,5,4,bnw,apm,0.6677467098683947
595,18,5,4,apm,itv,0.7839913596543862
596,18,5,4,itv,bnw,0.7239489579583184
597,18,5,5,bnw,apm,0.922156886275451
598,18,5,5,apm,itv,0.9771190847633905
599,18,5,5,itv,bnw,0.9077963118524741
600,19,1,1,bnw,apm,0.9869594783791351
601,19,1,1,apm,itv,0.9955598223928958
602,19,1,1,itv,bnw,0.9845993839753591
603,19,1,2,bnw,apm,0.5370214808592344
604,19,1,2,apm,itv,0.7436697467898716
605,19,1,2,itv,bnw,0.4424176967078683
606,19,1,3,bnw,apm,0.37557502300092005
607,19,1,3,apm,itv,0.9791991679667187
608,19,1,3,itv,bnw,0.36169446777871117
609,19,1,4,bnw,apm,0.8105124204968198
610,19,1,4,apm,itv,0.9933197327893116
611,19,1,4,itv,bnw,0.8063522540901636
612,19,1,5,bnw,apm,0.5663426537061482
613,19,1,5,apm,itv,0.9910796431857274
614,19,1,5,itv,bnw,0.5595423816952678
615,19,2,1,bnw,apm,0.5370214808592344
616,19,2,1,apm,itv,0.7436697467898716
617,19,2,1,itv,bnw,0.4424176967078683
618,19,2,2,bnw,apm,0.9577583103324133
619,19,2,2,apm,itv,0.9947197887915517
620,19,2,2,itv,bnw,0.952478099123965
621,19,2,3,bnw,apm,0.5820232809312372
622,19,2,3,apm,itv,0.750030001200048
623,19,2,3,itv,bnw,0.5166206648265931
624,19,2,4,bnw,apm,0.6751470058802352
625,19,2,4,apm,itv,0.7901916076643065
626,19,2,4,itv,bnw,0.48617944717788714
627,19,2,5,bnw,apm,0.7303492139685588
628,19,2,5,apm,itv,0.9787191487659507
629,19,2,5,itv,bnw,0.7108684347373895
630,19,3,1,bnw,apm,0.37557502300092005
631,19,3,1,apm,itv,0.9791991679667187
632,19,3,1,itv,bnw,0.36169446777871117
633,19,3,2,bnw,apm,0.5820232809312372
634,19,3,2,apm,itv,0.750030001200048
635,19,3,2,itv,bnw,0.5166206648265931
636,19,3,3,bnw,apm,0.9715588623544942
637,19,3,3,apm,itv,0.9959598383935357
638,19,3,3,itv,bnw,0.969038761550462
639,19,3,4,bnw,apm,0.561782471298852
640,19,3,4,apm,itv,0.7824312972518901
641,19,3,4,itv,bnw,0.44601784071362854
642,19,3,5,bnw,apm,0.7476699067962719
643,19,3,5,apm,itv,0.9650386015440617
644,19,3,5,itv,bnw,0.7249489979599184
645,19,4,1,bnw,apm,0.8105124204968198
646,19,4,1,apm,itv,0.9933197327893116
647,19,4,1,itv,bnw,0.8063522540901636
648,19,4,2,bnw,apm,0.6751470058802352
649,19,4,2,apm,itv,0.7901916076643065
650,19,4,2,itv,bnw,0.48617944717788714
651,19,4,3,bnw,apm,0.561782471298852
652,19,4,3,apm,itv,0.7824312972518901
653,19,4,3,itv,bnw,0.44601784071362854
654,19,4,4,bnw,apm,0.9618384735389416
655,19,4,4,apm,itv,0.983319332773311
656,19,4,4,itv,bnw,0.9480379215168607
657,19,4,5,bnw,apm,0.6463058522340893
658,19,4,5,apm,itv,0.8738349533981359
659,19,4,5,itv,bnw,0.5803832153286131
660,19,5,1,bnw,apm,0.5663426537061482
661,19,5,1,apm,itv,0.9910796431857274
662,19,5,1,itv,bnw,0.5595423816952678
663,19,5,2,bnw,apm,0.7303492139685588
664,19,5,2,apm,itv,0.9787191487659507
665,19,5,2,itv,bnw,0.7108684347373895
666,19,5,3,bnw,apm,0.7476699067962719
667,19,5,3,apm,itv,0.9650386015440617
668,19,5,3,itv,bnw,0.7249489979599184
669,19,5,4,bnw,apm,0.6463058522340893
670,19,5,4,apm,itv,0.8738349533981359
671,19,5,4,itv,bnw,0.5803832153286131
672,19,5,5,bnw,apm,0.9433177327093084
673,19,5,5,apm,itv,0.9731189247569902
674,19,5,5,itv,bnw,0.9271970878835153
675,20,1,1,bnw,apm,0.9903196127845114
676,20,1,1,apm,itv,0.9954398175927037
677,20,1,1,itv,bnw,0.9920796831873275
678,20,1,2,bnw,apm,0.6649465978639145
679,20,1,2,apm,itv,0.9010760430417216
680,20,1,2,itv,bnw,0.6502260090403617
681,20,1,3,bnw,apm,0.8298331933277331
682,20,1,3,apm,itv,0.7741109644385775
683,20,1,3,itv,bnw,0.6079843193727749
684,20,1,4,bnw,apm,0.5283811352454099
685,20,1,4,apm,itv,0.9926797071882876
686,20,1,4,itv,bnw,0.5239409576383055
687,20,1,5,bnw,apm,0.5729829193167727
688,20,1,5,apm,itv,0.9901996079843194
689,20,1,5,itv,bnw,0.5653426137045482
690,20,2,1,bnw,apm,0.6649465978639145
691,20,2,1,apm,itv,0.9010760430417216
692,20,2,1,itv,bnw,0.6502260090403617
693,20,2,2,bnw,apm,0.9772790911636465
694,20,2,2,apm,itv,0.9947997919916797
695,20,2,2,itv,bnw,0.9737589503580143
696,20,2,3,bnw,apm,0.4909396375855034
697,20,2,3,apm,itv,0.6269850794031762
698,20,2,3,itv,bnw,0.43205728229129164
699,20,2,4,bnw,apm,0.5912636505460218
700,20,2,4,apm,itv,0.7367894715788632
701,20,2,4,itv,bnw,0.5375015000600024
702,20,2,5,bnw,apm,0.5011400456018241
703,20,2,5,apm,itv,0.9162366494659786
704,20,2,5,itv,bnw,0.4711388455538221
705,20,3,1,bnw,apm,0.8298331933277331
706,20,3,1,apm,itv,0.7741109644385775
707,20,3,1,itv,bnw,0.6079843193727749
708,20,3,2,bnw,apm,0.4909396375855034
709,20,3,2,apm,itv,0.6269850794031762
710,20,3,2,itv,bnw,0.43205728229129164
711,20,3,3,bnw,apm,0.9876795071802872
712,20,3,3,apm,itv,0.9965198607944318
713,20,3,3,itv,bnw,0.984239369574783
714,20,3,4,bnw,apm,0.44781791271650867
715,20,3,4,apm,itv,0.7712308492339693
716,20,3,4,itv,bnw,0.3708148325933037
717,20,3,5,bnw,apm,0.9361174446977879
718,20,3,5,apm,itv,0.9769590783631346
719,20,3,5,itv,bnw,0.9181167246689868
720,20,4,1,bnw,apm,0.5283811352454099
721,20,4,1,apm,itv,0.9926797071882876
722,20,4,1,itv,bnw,0.5239409576383055
723,20,4,2,bnw,apm,0.5912636505460218
724,20,4,2,apm,itv,0.7367894715788632
725,20,4,2,itv,bnw,0.5375015000600024
726,20,4,3,bnw,apm,0.44781791271650867
727,20,4,3,apm,itv,0.7712308492339693
728,20,4,3,itv,bnw,0.3708148325933037
729,20,4,4,bnw,apm,0.9611984479379175
730,20,4,4,apm,itv,0.9769590783631346
731,20,4,4,itv,bnw,0.9523180927237089
732,20,4,5,bnw,apm,0.6607864314572582
733,20,4,5,apm,itv,0.8732749309972399
734,20,4,5,itv,bnw,0.593583743349734
735,20,5,1,bnw,apm,0.5729829193167727
736,20,5,1,apm,itv,0.9901996079843194
737,20,5,1,itv,bnw,0.5653426137045482
738,20,5,2,bnw,apm,0.5011400456018241
739,20,5,2,apm,itv,0.9162366494659786
740,20,5,2,itv,bnw,0.4711388455538221
741,20,5,3,bnw,apm,0.9361174446977879
742,20,5,3,apm,itv,0.9769590783631346
743,20,5,3,itv,bnw,0.9181167246689868
744,20,5,4,bnw,apm,0.6607864314572582
745,20,5,4,apm,itv,0.8732749309972399
746,20,5,4,itv,bnw,0.593583743349734
747,20,5,5,bnw,apm,0.9515580623224928
748,20,5,5,apm,itv,0.9925197007880315
749,20,5,5,itv,bnw,0.9440777631105244
